Title,Link,Unique_ID
Cheapest good laptop to run steamvr fore bonelab fusion helper,https://www.reddit.com/r/Laptop/comments/1pjn3bd/cheapest_good_laptop_to_run_steamvr_fore_bonelab/,bce4b01a59c5
Help: My laptop is not turning on.,https://www.reddit.com/r/Laptop/comments/1pji8t8/help_my_laptop_is_not_turning_on/,df919dc6951c
$1000 Student Laptop,https://www.reddit.com/r/Laptop/comments/1pjeqmu/1000_student_laptop/,ddb4dad07048
Engineering student laptop,https://www.reddit.com/r/Laptop/comments/1pj6w6q/engineering_student_laptop/,4652c3226c6c
Should I buy laptop or tablet? Budget strictly 16k,https://www.reddit.com/r/Laptop/comments/1pik1ln/should_i_buy_laptop_or_tablet_budget_strictly_16k/,452f8adbf5bc
What should I do first with my new laptop?,https://www.reddit.com/r/Laptop/comments/1pioi88/what_should_i_do_first_with_my_new_laptop/,b51763ac71b9
What laptop should i buy?,https://www.reddit.com/r/Laptop/comments/1phx1jw/what_laptop_should_i_buy/,b3daefefdf37
Most reliable laptop for software dev + music production?,https://www.reddit.com/r/Laptop/comments/1phpd5o/most_reliable_laptop_for_software_dev_music/,12baef095092
Ruined my brand new laptop,https://www.reddit.com/r/Laptop/comments/1ph5ffe/ruined_my_brand_new_laptop/,8f19827e9064
Laptop advice,https://www.reddit.com/r/Laptop/comments/1phbc3f/laptop_advice/,b751cee78248
What are you guys buying a laptop for?,https://www.reddit.com/r/Laptop/comments/1pgwxfk/what_are_you_guys_buying_a_laptop_for/,54ec630836a3
"Need help choosing an affordable, leather-free headset/microphone?",https://www.reddit.com/r/buildapc/comments/1pjvvx6/need_help_choosing_an_affordable_leatherfree/,a546481854e9
My laptop crashed,https://www.reddit.com/r/techsupport/comments/1pjy7fh/my_laptop_crashed/,2decfdf42887
Battery damage while trying to replace?,https://www.reddit.com/r/techsupport/comments/1pjzk79/battery_damage_while_trying_to_replace/,0b8ee9f55938
"Help me identify an ideal laptop for a retiring professional educator, <=$1000 USD",https://www.reddit.com/r/Laptop/comments/1pk1key/help_me_identify_an_ideal_laptop_for_a_retiring/,e0567f98fee7
recovering lost photos/videos,https://www.reddit.com/r/techsupport/comments/1pkam5b/recovering_lost_photosvideos/,176a4e0decdb
How much does a pc cost?,https://www.reddit.com/r/buildapc/comments/1pkb5es/how_much_does_a_pc_cost/,da04d03f0ee6
"Is $800 a good price for this PC, or could I reasonably build it for cheaper?",https://www.reddit.com/r/buildapc/comments/1pkfi0j/is_800_a_good_price_for_this_pc_or_could_i/,022aa6ad8b46
Help estimating resell price of prebuilt,https://www.reddit.com/r/buildapc/comments/1pkjo4p/help_estimating_resell_price_of_prebuilt/,e9d669d1eec3
How do I find a way to refund my Chuwi Corebook X 3i,https://www.reddit.com/r/Laptop/comments/1pkkfb1/how_do_i_find_a_way_to_refund_my_chuwi_corebook_x/,fd49c786f2e9
"Laptop keeps double booting, any solutions?",https://www.reddit.com/r/techsupport/comments/1pkkyzq/laptop_keeps_double_booting_any_solutions/,c09dacc9be58
Please Help Me Find a Laptop,https://www.reddit.com/r/SuggestALaptop/comments/1pk99sq/please_help_me_find_a_laptop/,ed9e52f38a31
Help me choose a laptop,https://www.reddit.com/r/SuggestALaptop/comments/1pke3qt/help_me_choose_a_laptop/,09bfc4fa0f77
Budget laptop in Europe (unless UK is cheaper?),https://www.reddit.com/r/SuggestALaptop/comments/1pk6pgj/budget_laptop_in_europe_unless_uk_is_cheaper/,560b289516c8
Need a laptop with good battery life at or under $500-$600.,https://www.reddit.com/r/SuggestALaptop/comments/1pkb64z/need_a_laptop_with_good_battery_life_at_or_under/,9671efeb1157
NZ $800-$1500,https://www.reddit.com/r/SuggestALaptop/comments/1pkay34/nz_8001500/,10b6d8a5d0ee
"Need Laptop suggest for tech school, France ~1000‚Ç¨",https://www.reddit.com/r/SuggestALaptop/comments/1pk84i6/need_laptop_suggest_for_tech_school_france_1000/,8772e22727d0
idiot needs help finding gaming laptop under $1000,https://www.reddit.com/r/SuggestALaptop/comments/1pk12au/idiot_needs_help_finding_gaming_laptop_under_1000/,33474759843c
Budget laptop in Europe (unless UK is cheaper?),https://www.reddit.com/r/SuggestALaptop/comments/1pk6pam/budget_laptop_in_europe_unless_uk_is_cheaper/,674e24c249c4
have a budget of around $200 USA,https://www.reddit.com/r/SuggestALaptop/comments/1pk6drc/have_a_budget_of_around_200_usa/,3e8ebb833a06
"Laptop Purchase USA, <=$1,000 USD, performance-focus",https://www.reddit.com/r/SuggestALaptop/comments/1pk3mnt/laptop_purchase_usa_1000_usd_performancefocus/,4fa174ce0cb4
"I need a small, budget laptop for traveling.",https://www.reddit.com/r/SuggestALaptop/comments/1pk3ak8/i_need_a_small_budget_laptop_for_traveling/,919327dc81a6
"Retiring Education Professional Seeking Replacement Laptop, Performance Focus, <=$1000 USD",https://www.reddit.com/r/SuggestALaptop/comments/1pk1fj7/retiring_education_professional_seeking/,a1b0c1076d29
"Retiring education professional seeking laptop for home/light work use, performance focus, $1000 =< USD",https://www.reddit.com/r/SuggestALaptop/comments/1pk1dqu/retiring_education_professional_seeking_laptop/,6b5472e95dc8
"Laptop suggestion for retiring education professional, $1000 or less, New, Performance focus",https://www.reddit.com/r/SuggestALaptop/comments/1pk1c2g/laptop_suggestion_for_retiring_education/,9a6fc51bd2ab
Need your help! Best Laptop to Buy?,https://www.reddit.com/r/SuggestALaptop/comments/1pk0uzs/need_your_help_best_laptop_to_buy/,c7f8982b43d6
In Search of a Shared Home Laptop,https://www.reddit.com/r/SuggestALaptop/comments/1pjyntq/in_search_of_a_shared_home_laptop/,ceb2f597c5dc
"‚ú®üíª ‚ùÑÔ∏è [December's Buyers Guide] ----> Deals on General Use Laptops, Budget Gaming Laptops, Video Editing, Professional Use & Student Laptops In The List Below. ‚ùÑÔ∏è‚ú®üíª",https://www.reddit.com/r/LaptopDeals/comments/1pjt9yq/decembers_buyers_guide_deals_on_general_use/,77fe59d915b8
"[eBay, Price Drop] Gigabyte Aero X16 Gaming Laptop (2025): 16"" (2560√ó1600) 165Hz WQXGA Display, Ryzen AI 7 350, NVIDIA GeForce RTX 5070, 32GB RAM, 1TB SSD, Now: $1,199.99 After using code: ""KLARNAUS50"" for $50 off with payment via KLARNA #ad",https://www.reddit.com/r/LaptopDeals/comments/1pkh3yy/ebay_price_drop_gigabyte_aero_x16_gaming_laptop/,85f17379ea0c
"[eBay] Acer Predator Helios Neo 16S AI Gaming Laptop (Cert. Refurbished): 16"" (2560x1600) 240Hz 16:10 500-nits OLED Display, Intel Ultra 9 275HX, RTX 5060, 16GB DDR5, 1TB SSD. Now: $880.11 After using code: ""KLARNAUS50"" for $50 off with payment via KLARNA #ad",https://www.reddit.com/r/LaptopDeals/comments/1pkhbrv/ebay_acer_predator_helios_neo_16s_ai_gaming/,36a05744cf6d
"[Walmart] ASUS Vivobook Laptop: 16"" WUXGA (1920 x 1200) Display, Intel Core i7-1355U, Integrated Intel Iris Xe Graphics, 16GB RAM, 512GB SSD Black. Now: $496.98 After $153.01 Off",https://www.reddit.com/r/LaptopDeals/comments/1pkd3lg/walmart_asus_vivobook_laptop_16_wuxga_1920_x_1200/,1ca9cf63b65c
"[Amazon] GIGABYTE A16 PRO Gaming Laptop: 16"" QHD+ 165Hz IPS Display, NVIDIA GeForce RTX 5070 Ti, Intel Core 7 240H, 32GB RAM, 1TB SSD. Now: $1,679.99 After 20% Off",https://www.reddit.com/r/LaptopDeals/comments/1pkd9s8/amazon_gigabyte_a16_pro_gaming_laptop_16_qhd/,9c6e03014936
"[Walmart] ASUS VivoBook 16 Laptop: 16"" WUXGA FHD+ IPS Display, Intel i7-13620H, 16GB RAM, 512GB SSD, Now: $449.99 After $50 Off",https://www.reddit.com/r/LaptopDeals/comments/1pkd1a4/walmart_asus_vivobook_16_laptop_16_wuxga_fhd_ips/,68920e76c9fd
"[eBay, PRICE DROP] Acer Predator Helios Neo 16S AI Gaming Laptop: 16"" (2560 x 1600) OLED 240Hz Display, Intel Core Ultra 9 Series 2, NVIDIA GeForce RTX 5070Ti, 32GB RAM, 1TB SSD. Now: $1,499.99 After 21% Off #ad",https://www.reddit.com/r/LaptopDeals/comments/1pjxtvf/ebay_price_drop_acer_predator_helios_neo_16s_ai/,f9a49138945c
"[Walmart] ASUS Vivobook S 14: 14"" FHD+ OLED, Intel Ultra 7 258V, Arc 140V, 32GB LPDDR5, 1TB SSD with $100 off, for $799",https://www.reddit.com/r/LaptopDeals/comments/1pk9egr/walmart_asus_vivobook_s_14_14_fhd_oled_intel/,44f326970767
"[Walmart, PRICE DROP] Acer Nitro V 16S Gaming Laptop: 16‚Äù WUXGA IPS 180Hz Display, Intel Core 7 240H, NVIDIA GeForce RTX 5060, 16GB DDR5 RAM, 1TB SSD. Now: $799 After $400 Off",https://www.reddit.com/r/LaptopDeals/comments/1pjxs9j/walmart_price_drop_acer_nitro_v_16s_gaming_laptop/,db3e5097488e
"[Walmart, PRICE DROP] Acer Nitro V AI Gaming Laptop: 16 WUXGA (1920 x 1200) IPS 180Hz Display, AMD Ryzen 5 240, NVIDIA RTX 5050, 16GB DDR5 RAM, 512GB SSD, Win11 Home - Now: $599 After $300 Off",https://www.reddit.com/r/LaptopDeals/comments/1pjxsvf/walmart_price_drop_acer_nitro_v_ai_gaming_laptop/,ffdb9c1b9d54
"[eBay] Cert. Refurbished Acer Swift Go Laptop: 16"" (1920x1200) 350-nits IPS Touchscreen Display, Intel Ultra 9, Intel Arc Graphics (8 X Cores), 32GB RAM, 1TB SSD + (2 yr warranty), Now: $572.44 After 43% Off #ad",https://www.reddit.com/r/LaptopDeals/comments/1pjlshg/ebay_cert_refurbished_acer_swift_go_laptop_16/,c2916fb2ed3e
"[Amazon] ASUS Vivobook S 14 Thin & Lightweight Laptop: 14"" 3K (2880 x 1800) OLED 120Hz, Ryzen AI 9 365, AMD 880M Graphics, 24GB LPDDR5X, 1TB SSD - for $999.99 after 20% off",https://www.reddit.com/r/LaptopDeals/comments/1pjic3t/amazon_asus_vivobook_s_14_thin_lightweight_laptop/,f27f0e506708
"[Walmart] HP OmniBook 5 Laptop: 16"" FHD IPS 2k Display, Ryzen AI 7 350, AMD Radeon‚Ñ¢ 860M Graphics, 16GB RAM, 512GB SSD, Now: $499 After $440 Off",https://www.reddit.com/r/LaptopDeals/comments/1pj4sgv/walmart_hp_omnibook_5_laptop_16_fhd_ips_2k/,b2d21ab6a50b
"[Walmart] HP Victus Gaming Laptop: 15.6"" FHD IPS 144Hz Display, Intel i5-13420H, NVIDIA GeForce RTX 4050, 16GB DDR5 RAM, 512GB SSD. Now: $579 After $470.99 Off",https://www.reddit.com/r/LaptopDeals/comments/1pj4vlv/walmart_hp_victus_gaming_laptop_156_fhd_ips_144hz/,7262f59c3561
"[eBay] Acer Swift Go 16 Laptop (Cert. Refurbished): 16"" (2880√ó1800) 3K 120Hz OLED Display, Intel Ultra 9 285H, Intel Arc Graphics, 32GB RAM, 1TB SSD, Now: $768.19 After 40% Off + a 2-year warranty serviced by Allstate #ad",https://www.reddit.com/r/LaptopDeals/comments/1piveih/ebay_acer_swift_go_16_laptop_cert_refurbished_16/,d6c04a8b1f3d
"[Walmart] MSI Katana 15 HX Gaming Laptop: 15.6"" QHD 165Hz IPS Display, Intel Core i7-14650HX, RTX 5070, 16GB DDR5 RAM, 1TB Gen4 SSD, Win11H. Now: $1,099 After $400.99 Off",https://www.reddit.com/r/LaptopDeals/comments/1pimk2z/walmart_msi_katana_15_hx_gaming_laptop_156_qhd/,43c9a1115030
"[Walmart] ASUS VivoBook Laptop: 15.6‚Äù FHD IPS Display, Intel Core 5 120U, Intel¬Æ Graphics, 16GB RAM, 512GB SSD. Now: $399 After $100 Off",https://www.reddit.com/r/LaptopDeals/comments/1pimje2/walmart_asus_vivobook_laptop_156_fhd_ips_display/,d2cbb8002341
"[eBay] Cert. Refurbished ASUS VivoBook S16 Laptop: 16.0"" OLED 3.2K (3200x2000) 120Hz Display, Ryzen AI 9 365, AMD Radeon 880M Integrated Graphics, 32GB RAM, 1TB SSD, Now: $879 After 32% Off #ad",https://www.reddit.com/r/LaptopDeals/comments/1pi96b3/ebay_cert_refurbished_asus_vivobook_s16_laptop/,16571757b3e9
"[eBay] Lenovo LOQ Gaming Laptop: 15.6"" IPS LCD FHD 144Hz Display, 16GB RAM 512GB SSD, AMD Ryzen 7 250, NVIDIA GeForce RTX 5060, Luna Grey. Now: $919.99 After 20% Off #ad",https://www.reddit.com/r/LaptopDeals/comments/1pi976a/ebay_lenovo_loq_gaming_laptop_156_ips_lcd_fhd/,d68bc1923b94
"[Amazon] Dell 15 Laptop -15.6-inch FHD 120Hz Display, Intel Core 3 Processor 100U Processor, 8GBRAM, 512GB SSD, Intel UHD Graphics, Windows 11 Home, Onsite Service - Carbon Black. Now: $339 After 15% Off",https://www.reddit.com/r/LaptopDeals/comments/1pi9g8q/amazon_dell_15_laptop_156inch_fhd_120hz_display/,958be455cda1
"[Lenovo] Lenovo Legion Pro 5i Gaming Laptop (2025): 16"" (2560 x 1600) 165Hz OLED Display, Intel Core Ultra 9 275HX, NVIDIA RTX 5070 Ti, 32GB DDR5 RAM, 1TB SSD. Now: $1,733.74 After 30% + Using coupon code: ""EXTRAFIVE""",https://www.reddit.com/r/LaptopDeals/comments/1phvrgt/lenovo_lenovo_legion_pro_5i_gaming_laptop_2025_16/,9ac0260eb8b9
Should I buy a new laptop now to save money?,https://www.reddit.com/r/laptops/comments/1pkn6oq/should_i_buy_a_new_laptop_now_to_save_money/,5561111f6807
Laptop suggestions for teachers $400 USD,https://www.reddit.com/r/laptops/comments/1pkn068/laptop_suggestions_for_teachers_400_usd/,f108c6b7d7c6
Looking for a laptop up to 500 Euro. Used or new.,https://www.reddit.com/r/laptops/comments/1pkblhu/looking_for_a_laptop_up_to_500_euro_used_or_new/,89fadfaadf9b
Decent Linux-compatible laptops,https://www.reddit.com/r/laptops/comments/1pkmcou/decent_linuxcompatible_laptops/,6ea1946a63a5
Searching for cheap Hewlett Packard laptop keyboard replacement,https://www.reddit.com/r/laptops/comments/1pkm4z3/searching_for_cheap_hewlett_packard_laptop/,5c222cff9671
Please recommend me any good laptops on sale/where to buy in bangkok(specs below),https://www.reddit.com/r/laptops/comments/1pklikz/please_recommend_me_any_good_laptops_on_salewhere/,368e59fcf832
"Bought two Acer laptops for Black Friday, wondering which one to keep",https://www.reddit.com/r/laptops/comments/1pkkyny/bought_two_acer_laptops_for_black_friday/,5cad98571f43
Having trouble picking a Laptop,https://www.reddit.com/r/laptops/comments/1pkkkr2/having_trouble_picking_a_laptop/,d1215e5873b3
Should I get a Legion laptop?,https://www.reddit.com/r/laptops/comments/1pkoxdb/should_i_get_a_legion_laptop/,cfc925d184e5
Can I use my 100 W laptop charging cord/brick to charge my phone and earbuds?,https://www.reddit.com/r/laptops/comments/1pkkdvj/can_i_use_my_100_w_laptop_charging_cordbrick_to/,7f084374dbda
Best laptops on Amazon $300-500,https://www.reddit.com/r/laptops/comments/1pkr0vh/best_laptops_on_amazon_300500/,f1faf02b7c05
How to fix a damaged key?,https://www.reddit.com/r/laptops/comments/1pkqnlc/how_to_fix_a_damaged_key/,2ab39e46d02d
best laptop battery practices,https://www.reddit.com/r/laptops/comments/1pkpypc/best_laptop_battery_practices/,8ad8d8c35304
2000‚Ç¨ budget for upgrade or new build,https://www.reddit.com/r/buildapcforme/comments/1pkquwz/2000_budget_for_upgrade_or_new_build/,9770413df23e
Decent Linux-compatible laptops,https://www.reddit.com/r/SuggestALaptop/comments/1pkmekm/decent_linuxcompatible_laptops/,e1e21f797566
"Bought two Acer laptops for Black Friday, wondering which one to keep",https://www.reddit.com/r/SuggestALaptop/comments/1pkkzbr/bought_two_acer_laptops_for_black_friday/,545782af17c0
Help me choose a laptop,https://www.reddit.com/r/laptops/comments/1pkt3bx/help_me_choose_a_laptop/,286f8b35845e
Laptop Price Trends,https://www.reddit.com/r/laptops/comments/1pkt1by/laptop_price_trends/,8879f34918e3
Which Goodwill deal is best to handle Steam games?,https://www.reddit.com/r/laptops/comments/1pksy85/which_goodwill_deal_is_best_to_handle_steam_games/,b1c75ed7a630
"Cant find laptop part, need alternative help",https://www.reddit.com/r/laptops/comments/1pksapa/cant_find_laptop_part_need_alternative_help/,d0491cba3dd5
Laptop suggestions?,https://www.reddit.com/r/laptops/comments/1pkrf3p/laptop_suggestions/,d5647885fdbd
Laptop for my mom,https://www.reddit.com/r/laptops/comments/1pkuq0i/laptop_for_my_mom/,bf4bbf604d87
Laptop buying advice (btech cse),https://www.reddit.com/r/laptops/comments/1pktk1u/laptop_buying_advice_btech_cse/,9da3a558e8a7
"[Walmart] Lenovo IdeaPad 5i 2-in-1 Laptop: 14"" WUXGA Touch Display, Intel Core Ultra 5 Processor 225U, Intel Graphics, 8GB RAM, 512 SSD, Luna Grey, Windows 11, Now: $379 After $520 Off",https://www.reddit.com/r/LaptopDeals/comments/1pktw0a/walmart_lenovo_ideapad_5i_2in1_laptop_14_wuxga/,ffd98ec70049
"[eBay] ASUS VivoBook S 15 Laptop (Cert. Refurbished): 15.6‚Äù 3K OLED 120Hz Display, Intel Ultra 7 155H, Intel ARC Graphics, 16GB RAM, 1TB SSD. Now: $577 After 42% Off #ad",https://www.reddit.com/r/LaptopDeals/comments/1pku0a8/ebay_asus_vivobook_s_15_laptop_cert_refurbished/,099e3aea2a86
"[Walmart] HP OmniBook X Laptop: 17.3"" FHD 400-nits IPS Touch Display, Intel Ultra 7 256V, Intel Arc 140V GPU, 16GB DDR5 RAM, 512GB SSD. Now: $769.99 After $480 Off",https://www.reddit.com/r/LaptopDeals/comments/1pktugx/walmart_hp_omnibook_x_laptop_173_fhd_400nits_ips/,fd3650a8cbbd
"[eBay] ASUS VivoBook Laptop: 16"" (1920 x 1200) WUXGA 300 Nits 60Hz Display, Intel Core i7-13620H, Intel UHD Graphics, 16GB RAM, 512GB SSD, Windows 11 Home, Now: $469.99 After 36% Off #ad",https://www.reddit.com/r/LaptopDeals/comments/1pktskw/ebay_asus_vivobook_laptop_16_1920_x_1200_wuxga/,2ace7e7c4ad0
"Any recommendations on what laptop to get for movies, phone games, etc..",https://www.reddit.com/r/laptops/comments/1pkv14j/any_recommendations_on_what_laptop_to_get_for/,852a88145481
Factory resetting old phones to sell,https://www.reddit.com/r/techsupport/comments/1pkvzuf/factory_resetting_old_phones_to_sell/,6527b95bb6b2
Detachable or 2-in-1 <$1800,https://www.reddit.com/r/SuggestALaptop/comments/1pkx17r/detachable_or_2in1_1800/,806c7d82cbc5
Laptopn suggestion,https://www.reddit.com/r/laptops/comments/1pkxmhu/laptopn_suggestion/,da7d1f091793
I need some input for a Laptop for school,https://www.reddit.com/r/laptops/comments/1pkyslm/i_need_some_input_for_a_laptop_for_school/,c89d8db83a13
best laptop for live streaming and video editing,https://www.reddit.com/r/laptops/comments/1pkyopp/best_laptop_for_live_streaming_and_video_editing/,98b52293336e
"Need advice: Upgrade or RAM expansion? Looking for a reliable, long-lasting laptop for legal work",https://www.reddit.com/r/SuggestALaptop/comments/1pkzrnx/need_advice_upgrade_or_ram_expansion_looking_for/,bf47dbd01f05
Is this a good deal for 2025?,https://www.reddit.com/r/laptops/comments/1pl0642/is_this_a_good_deal_for_2025/,84346f87b8cd
Was this a good deal?,https://www.reddit.com/r/laptops/comments/1pl1tau/was_this_a_good_deal/,77619f8ad632
Laptop for solidworks and note taking,https://www.reddit.com/r/SuggestALaptop/comments/1pl3ma1/laptop_for_solidworks_and_note_taking/,0fc3985af8a2
Student Laptop,https://www.reddit.com/r/laptops/comments/1pl3fug/student_laptop/,0e571e5d33e3
Wanna buy a laptop,https://www.reddit.com/r/laptops/comments/1pl3ebr/wanna_buy_a_laptop/,2d7dd229c613
HELP! Not sure on which laptop to get,https://www.reddit.com/r/laptops/comments/1pl34aj/help_not_sure_on_which_laptop_to_get/,e3a836297f8e
Advice for a solidworks laptop,https://www.reddit.com/r/laptops/comments/1pl2vmi/advice_for_a_solidworks_laptop/,50ade4426bbb
Non-touch Tandem OLED Laptops?,https://www.reddit.com/r/laptops/comments/1pl2ovn/nontouch_tandem_oled_laptops/,83f829aa4128
Want help in choosing a laptop,https://www.reddit.com/r/laptops/comments/1pl3nl6/want_help_in_choosing_a_laptop/,6413315b5678
"$1,000 budget for custom office/gaming PC",https://www.reddit.com/r/buildapcforme/comments/1pl51y4/1000_budget_for_custom_officegaming_pc/,be44298a89a2
I‚Äôm trying to get a laptop,https://www.reddit.com/r/laptops/comments/1pl5cju/im_trying_to_get_a_laptop/,82927747ffa1
Need honest advice: Which laptop under ‚Çπ65k actually makes sense for a student?,https://www.reddit.com/r/laptops/comments/1pl5dsz/need_honest_advice_which_laptop_under_65k/,4b61a8f78059
Laptop for a PhD student under 1000‚Ç¨,https://www.reddit.com/r/SuggestALaptop/comments/1pl8wfs/laptop_for_a_phd_student_under_1000/,d5fda704428b
looking for a budget touchscreen laptop for digital art & editing,https://www.reddit.com/r/SuggestALaptop/comments/1pl8rnz/looking_for_a_budget_touchscreen_laptop_for/,b5e8ebae6627
Windows OS Laptop Recs,https://www.reddit.com/r/SuggestALaptop/comments/1pl7ein/windows_os_laptop_recs/,717dd364d305
[AUS <$1000AUD] looking for a long-lasting uni laptop,https://www.reddit.com/r/SuggestALaptop/comments/1pl7e3n/aus_1000aud_looking_for_a_longlasting_uni_laptop/,db57495e207a
Laptop for science + robotics. ~550 BHD in Bahrain.,https://www.reddit.com/r/SuggestALaptop/comments/1pl4oax/laptop_for_science_robotics_550_bhd_in_bahrain/,3094ae04d3d0
Suggest me a laptop,https://www.reddit.com/r/SuggestALaptop/comments/1pl1l5a/suggest_me_a_laptop/,66753fecf45e
laptop for new computer science major,https://www.reddit.com/r/SuggestALaptop/comments/1pkyyr8/laptop_for_new_computer_science_major/,0f2503737caf
Laptop for mum for around ‚Ç¨500 in the Netherlands,https://www.reddit.com/r/SuggestALaptop/comments/1pkyd6n/laptop_for_mum_for_around_500_in_the_netherlands/,9305d98ef239
'Anyone tried Lenovo Certified Refurbished Slim 5 (2023)? Worth buying the Ultra 5 model for ‚Çπ42k?*,https://www.reddit.com/r/SuggestALaptop/comments/1pkv3u8/anyone_tried_lenovo_certified_refurbished_slim_5/,59dc4967a4aa
"[eBay] Acer Swift Edge Laptop (Certified Refurbished): 16"" WQUXGA (3840 x 2400) OLED 400nits Display, AMD Ryzen 7 7735U, AMD Radeon Graphics, 16GB RAM, 1TB SSD, Now: $545.99 After 58% Off #ad",https://www.reddit.com/r/LaptopDeals/comments/1pl7305/ebay_acer_swift_edge_laptop_certified_refurbished/,7058f9b574ee
Budget PC Help!,https://www.reddit.com/r/buildapcforme/comments/1pl916r/budget_pc_help/,81f111c29a7f
A good but not too expensive laptop.,https://www.reddit.com/r/laptops/comments/1plbvqt/a_good_but_not_too_expensive_laptop/,00be1d8536a9
Would the battery on this laptop be good,https://www.reddit.com/r/laptops/comments/1plbn8q/would_the_battery_on_this_laptop_be_good/,a29dd7fff513
Suggestions for Laptop with these specification,https://www.reddit.com/r/laptops/comments/1plbklt/suggestions_for_laptop_with_these_specification/,5cdc99d6ebcd
Was this a good deal?,https://www.reddit.com/r/laptops/comments/1pl9vo9/was_this_a_good_deal/,b1537a17e52e
I let my laptop die and it corrupted windows?,https://www.reddit.com/r/techsupport/comments/1plbg1v/i_let_my_laptop_die_and_it_corrupted_windows/,b1a704f81b13
Broken laptop hinge,https://www.reddit.com/r/laptops/comments/1pldlr4/broken_laptop_hinge/,ac46b14050eb
looking for a laptop,https://www.reddit.com/r/SuggestALaptop/comments/1plegn0/looking_for_a_laptop/,692da8d3f6a2
Looking for a school laptop.,https://www.reddit.com/r/SuggestALaptop/comments/1pldrfo/looking_for_a_school_laptop/,9b5e62b6a611
Decent enough laptop for $300.,https://www.reddit.com/r/laptops/comments/1plenva/decent_enough_laptop_for_300/,433f20d446fa
Dev looking for a laptop,https://www.reddit.com/r/SuggestALaptop/comments/1plfewj/dev_looking_for_a_laptop/,7026d908c4f6
Recommendations for best laptop for uni,https://www.reddit.com/r/laptops/comments/1plfm85/recommendations_for_best_laptop_for_uni/,9b78817d96f1
"Looking for new laptop for the holidays, details below",https://www.reddit.com/r/laptops/comments/1plfkde/looking_for_new_laptop_for_the_holidays_details/,8531ff6ddf69
Ram prices effect on laptops,https://www.reddit.com/r/laptops/comments/1plffo8/ram_prices_effect_on_laptops/,f72dc1e2011c
Don't buy Chromebook; Selling My ASU's M6500IH OLED Laptop @29k (R7-4800H 16GB Ram; 512 SSD; 4GB GTX-1650 Max Q ) Got an Office Laptop to use. Bought 1/23 @62710 with 120w Charger (BLR),https://www.reddit.com/r/laptops/comments/1plf1mo/dont_buy_chromebook_selling_my_asus_m6500ih_oled/,3041b50752a3
Laptop battery and CMOS battery replacement: Dell Latitude vs. Lenovo ThinkPad,https://www.reddit.com/r/techsupport/comments/1plfel7/laptop_battery_and_cmos_battery_replacement_dell/,02831e4dd65a
Need laptop suggestions,https://www.reddit.com/r/laptops/comments/1plg5iq/need_laptop_suggestions/,a779b92b3397
Advice on buying Macbook,https://www.reddit.com/r/laptops/comments/1plfp59/advice_on_buying_macbook/,e809d725a0e1
Accidentally Selected 'Restore from Backup' When Setting Up New Laptop,https://www.reddit.com/r/techsupport/comments/1plgcqj/accidentally_selected_restore_from_backup_when/,1c0226099cdf
Laptop for csit first sem student,https://www.reddit.com/r/laptops/comments/1plh5wj/laptop_for_csit_first_sem_student/,2fc22c6329ab
Worth it for 850 ‚Ç¨?,https://www.reddit.com/r/laptops/comments/1pli1b1/worth_it_for_850/,a4b6115f0d1f
Lenovo or Hp touchscreen laptops,https://www.reddit.com/r/laptops/comments/1pliuwa/lenovo_or_hp_touchscreen_laptops/,9aac5f5b10d1
Affordable gameing laptops,https://www.reddit.com/r/laptops/comments/1pliosr/affordable_gameing_laptops/,56ce9e56ba86
"I need a new laptop (Belgium, budget: 1500 euros)",https://www.reddit.com/r/laptops/comments/1plinj5/i_need_a_new_laptop_belgium_budget_1500_euros/,ea8019249f7c
"A buy it for life workstation, workhorse Windows laptop?",https://www.reddit.com/r/laptops/comments/1plikkd/a_buy_it_for_life_workstation_workhorse_windows/,527ad5da9d8f
"Suggest Best laptop under ‚Çπ1 lakh for heavy coding, app dev & occasional AI work?",https://www.reddit.com/r/laptops/comments/1pljad4/suggest_best_laptop_under_1_lakh_for_heavy_coding/,944bb024c2fc
Budget Laptop,https://www.reddit.com/r/laptops/comments/1plk3wq/budget_laptop/,e7a1401d7fbc
How much can I sell my Katana for?,https://www.reddit.com/r/laptops/comments/1pllg47/how_much_can_i_sell_my_katana_for/,509989a9e4c8
Need recommendations for a 2-1 productivity focused laptop-,https://www.reddit.com/r/SuggestALaptop/comments/1pllmrm/need_recommendations_for_a_21_productivity/,640c15b26622
What laptop/pc I can buy if I want it to macro for a long time without breaking? (Up to $150),https://www.reddit.com/r/laptops/comments/1plm59f/what_laptoppc_i_can_buy_if_i_want_it_to_macro_for/,5c0d52a28ff8
"Laptop for development and games (US, $400-600)",https://www.reddit.com/r/SuggestALaptop/comments/1plnjfn/laptop_for_development_and_games_us_400600/,7c681896e8ad
Want a gaming laptop that's not too expensive,https://www.reddit.com/r/SuggestALaptop/comments/1plmm0j/want_a_gaming_laptop_thats_not_too_expensive/,ba715330b2b6
Relatively cheap weather resistant laptops?,https://www.reddit.com/r/laptops/comments/1plmxju/relatively_cheap_weather_resistant_laptops/,d5d4da074a81
"[Amazon, Price Drop] Apple MacBook Air Laptop (2025): 13"" (2560 x 1664) IPS Liquid Retina Display, M4 Chip 10-core CPU, 8-core GPU, 16GB RAM, 256GB SSD, Touch ID. Now: $749.99 After 25% Off",https://www.reddit.com/r/LaptopDeals/comments/1plp49d/amazon_price_drop_apple_macbook_air_laptop_2025/,17482896a407
"[Walmart] Lenovo IdeaPad Slim 3 Laptop: 15.3"" FHD+ (1920x1200, WUXGA +) 16:10, 60Hz, 300-nits, IPS Display, Ryzen 7 8840HS, Integrated AMD Radeon 780M Graphics, 16GB RAM, 512GB SSD. Now: $569 After 38% Off",https://www.reddit.com/r/LaptopDeals/comments/1plp38g/walmart_lenovo_ideapad_slim_3_laptop_153_fhd/,14a6a1943f2d
"[Amazon] Apple 2024 MacBook Air 15-inch Laptop with M3 chip: Built for Apple Intelligence, 15.3-inch Liquid Retina Display, 24GB Unified Memory, 512GB SSD Storage, Backlit Keyboard, Touch ID; Starlight. Now: $1,099 After 35% Off",https://www.reddit.com/r/LaptopDeals/comments/1plp1w8/amazon_apple_2024_macbook_air_15inch_laptop_with/,22a79c21d479
"HELP PLEASE, LAPTOP BLACK SCREEN NOT FIXING",https://www.reddit.com/r/laptops/comments/1plouax/help_please_laptop_black_screen_not_fixing/,a0b6b60e021f
Laptop For School,https://www.reddit.com/r/laptops/comments/1plnzho/laptop_for_school/,b454a573b019
Sudden distorted and blurry laptop screen‚Äîwhat happened?,https://www.reddit.com/r/laptops/comments/1plq60g/sudden_distorted_and_blurry_laptop_screenwhat/,64f61111514e
I got two cheap laptops today and i just cant pick which to use,https://www.reddit.com/r/laptops/comments/1plqnwo/i_got_two_cheap_laptops_today_and_i_just_cant/,818994c9bfa8
Anyone recommend a good but affordable laptop for an engineering student who needs to run Solidworks?,https://www.reddit.com/r/laptops/comments/1plqm6l/anyone_recommend_a_good_but_affordable_laptop_for/,3feb12307cb6
Suggest a laptop under ‚Çπ60k(inr),https://www.reddit.com/r/laptops/comments/1plq3eq/suggest_a_laptop_under_60kinr/,c453cbd87171
Is this laptop used?,https://www.reddit.com/r/laptops/comments/1plpsrc/is_this_laptop_used/,f4365b3a0d85
Good laptop for college use? (But still decent mid range),https://www.reddit.com/r/SuggestALaptop/comments/1pls5qy/good_laptop_for_college_use_but_still_decent_mid/,0344a2311392
"Looking for a laptop for my mom (USA, ~$300)",https://www.reddit.com/r/SuggestALaptop/comments/1plrphx/looking_for_a_laptop_for_my_mom_usa_300/,2d5162c71eb1
Laptop won't charge,https://www.reddit.com/r/laptops/comments/1plqzkr/laptop_wont_charge/,7ec73b7a9a6c
Buy a new laptop,https://www.reddit.com/r/laptops/comments/1pls3i3/buy_a_new_laptop/,4e6d707a3226
Acer Aspire 3 A315-24p restarts even with fresh Windows Installed,https://www.reddit.com/r/laptops/comments/1plrcz1/acer_aspire_3_a31524p_restarts_even_with_fresh/,05e8c29d030d
Is this a good refurbished laptop or can I get something better? My budget is 400.,https://www.reddit.com/r/laptops/comments/1plqvvx/is_this_a_good_refurbished_laptop_or_can_i_get/,42954b198e99
First Laptop for Complete Beginner Video Editing ? 2026,https://www.reddit.com/r/laptops/comments/1pltbce/first_laptop_for_complete_beginner_video_editing/,8fbd34f0f3e9
need a laptop for school + gaming + movies,https://www.reddit.com/r/SuggestALaptop/comments/1pltvje/need_a_laptop_for_school_gaming_movies/,b9331031c81e
Looking for advices on a laptop,https://www.reddit.com/r/laptops/comments/1pluyop/looking_for_advices_on_a_laptop/,ae8a056baba5
Battery replacement for HP Omnibook Ultra Flip 14,https://www.reddit.com/r/laptops/comments/1plurkl/battery_replacement_for_hp_omnibook_ultra_flip_14/,1ab4d3320950
Battery replacement for HP Omnibook Ultra Flip 14,https://www.reddit.com/r/laptops/comments/1plu97r/battery_replacement_for_hp_omnibook_ultra_flip_14/,825aa7c30e68
Battery replacement for HP Omnibook Ultra Flip 14,https://www.reddit.com/r/techsupport/comments/1plu85y/battery_replacement_for_hp_omnibook_ultra_flip_14/,07359dedff7f
"[Amazon] Apple 2025 MacBook Air 13-inch Laptop with M4 chip: Built for Apple Intelligence, 13.6-inch Liquid Retina Display, 24GB Unified Memory, 512GB SSD Storage, 12MP Center Stage Camera, Touch ID; Midnight. Now: $1,149 After 18% Off",https://www.reddit.com/r/LaptopDeals/comments/1plvp77/amazon_apple_2025_macbook_air_13inch_laptop_with/,f788214f2ec2
"[Amazon] Apple 2025 MacBook Air 13-inch Laptop with M4 chip: Built for Apple Intelligence, 13.6-inch Liquid Retina Display, 16GB Unified Memory, 256GB SSD Storage, Touch ID; Midnight with AppleCare+ (3 Years). Now: $898 After 25% Off",https://www.reddit.com/r/LaptopDeals/comments/1plvplj/amazon_apple_2025_macbook_air_13inch_laptop_with/,5de7a5eb6ac9
"[eBay] ASUS VivoBook S14 Laptop (Cert. Refurbished): 14"" FHD+ OLED Display, Intel Ultra 7 258V, ARC 140V Graphics, 32GB RAM, 1TB SSD. Now: $694 After 41% Off #ad",https://www.reddit.com/r/LaptopDeals/comments/1plvomk/ebay_asus_vivobook_s14_laptop_cert_refurbished_14/,de1d6e466222
"[eBay] Acer Aspire 14 AI Laptop (Cert. Refurbished): 14"" FHD+ IPS Touchscreen, Intel Ultra 5 226V CPU, Intel UHD Graphics, 16GB LPDDR5 RAM, 1TB SSD. Now: $363.99 After 37% Off #ad",https://www.reddit.com/r/LaptopDeals/comments/1plvoam/ebay_acer_aspire_14_ai_laptop_cert_refurbished_14/,3c3161d678b7
What do I do with my broken laptop,https://www.reddit.com/r/laptops/comments/1plw3ak/what_do_i_do_with_my_broken_laptop/,51e8f88beb4c
which laptop should i buy as a college student,https://www.reddit.com/r/laptops/comments/1plw1pf/which_laptop_should_i_buy_as_a_college_student/,b48975eeed0c
Laptop for video editing and some light programming,https://www.reddit.com/r/laptops/comments/1plvx14/laptop_for_video_editing_and_some_light/,cbc6a61ce7ab
Shortlisted laptops: which one is better?,https://www.reddit.com/r/laptops/comments/1plvoo3/shortlisted_laptops_which_one_is_better/,6f1380e68eb4
Teacher in training looking for college/ work laptop,https://www.reddit.com/r/SuggestALaptop/comments/1pllx9j/teacher_in_training_looking_for_college_work/,264825328b72
"A buy it for life workstation, workhorse Windows laptop?",https://www.reddit.com/r/SuggestALaptop/comments/1plk1zi/a_buy_it_for_life_workstation_workhorse_windows/,1f695412b9a9
"Budget Laptop Recommendations for Video Editing (Blender, Premiere Pro, After Effects, DaVinci Resolve) ‚Äî Student Budget",https://www.reddit.com/r/SuggestALaptop/comments/1pledkd/budget_laptop_recommendations_for_video_editing/,af48416db85a
"My Laptop ran out of battery and is no longer charging, even if it still functions when plugged",https://www.reddit.com/r/techsupport/comments/1plz1s4/my_laptop_ran_out_of_battery_and_is_no_longer/,b48f925a6a41
Which laptop would be better in recent Indian market ?,https://www.reddit.com/r/SuggestALaptop/comments/1pm2501/which_laptop_would_be_better_in_recent_indian/,deb73c7b5cd6
Need a laptop around $1000+ for coding and school (no gaming),https://www.reddit.com/r/SuggestALaptop/comments/1pm1z9y/need_a_laptop_around_1000_for_coding_and_school/,415f887f13d2
Laptop request for gaming/school within $1-2k US,https://www.reddit.com/r/SuggestALaptop/comments/1pm1c8n/laptop_request_for_gamingschool_within_12k_us/,f2b588cf9595
"Need a laptop for tech school, France ~1000‚Ç¨",https://www.reddit.com/r/SuggestALaptop/comments/1plxcs0/need_a_laptop_for_tech_school_france_1000/,29250b7ffaa5
"Gifting bf a laptop, please help me decide",https://www.reddit.com/r/laptops/comments/1pm08is/gifting_bf_a_laptop_please_help_me_decide/,0ed47a663a8d
I have 200$ what is a good laptop for gaming,https://www.reddit.com/r/laptops/comments/1pm28c2/i_have_200_what_is_a_good_laptop_for_gaming/,dc5a1d375bbc
Which laptop would be better in recent Indian market ?,https://www.reddit.com/r/laptops/comments/1pm21r4/which_laptop_would_be_better_in_recent_indian/,c45e4abd3add
"laptop charger broke, is there an alternative way to charge the laptop, or fix this?",https://www.reddit.com/r/laptops/comments/1pm1lqk/laptop_charger_broke_is_there_an_alternative_way/,7118c0fe27ea
"is there a way to fix a broken charger, or an alternative way to be able to charge the laptop?",https://www.reddit.com/r/techsupport/comments/1pm1nbv/is_there_a_way_to_fix_a_broken_charger_or_an/,7c46465ce4e3
Is Smart App worth reinstalling windows?,https://www.reddit.com/r/techsupport/comments/1pm2fdt/is_smart_app_worth_reinstalling_windows/,6684297a0f63
Laptop recommendations for compliance work (lots of docs & spreadsheets). $700 us,https://www.reddit.com/r/SuggestALaptop/comments/1pm4kg5/laptop_recommendations_for_compliance_work_lots/,5e42e7e4dc78
"Laptop Suggestion, Australia <$2,500 AUD",https://www.reddit.com/r/SuggestALaptop/comments/1pm49vw/laptop_suggestion_australia_2500_aud/,9ca440d24f1f
Which of these laptops should I buy as a student?,https://www.reddit.com/r/laptops/comments/1pm4sl2/which_of_these_laptops_should_i_buy_as_a_student/,69690fa6d9aa
Laptop purchase advice,https://www.reddit.com/r/laptops/comments/1pm69iw/laptop_purchase_advice/,eda873be692f
Suggest laptops that can run 24/7 without problem,https://www.reddit.com/r/laptops/comments/1pm64z5/suggest_laptops_that_can_run_247_without_problem/,559eb9cb3e7b
Best laptop,https://www.reddit.com/r/laptops/comments/1pm5ths/best_laptop/,ec4617ec8c88
Best laptop,https://www.reddit.com/r/laptops/comments/1pm5t7v/best_laptop/,8729e2bf88fd
Gaming laptop specifications what should I check and which company should I buy for long battery backups and,https://www.reddit.com/r/laptops/comments/1pm5qei/gaming_laptop_specifications_what_should_i_check/,dfa71f25642e
Need a laptop under 60k(inr),https://www.reddit.com/r/laptops/comments/1pm52v3/need_a_laptop_under_60kinr/,3deae262fb00
I want to buy a laptop in coming May-June 2026.,https://www.reddit.com/r/laptops/comments/1pm6b9i/i_want_to_buy_a_laptop_in_coming_mayjune_2026/,d915db3a6bac
Are laptop prices the same everywhere in the world? (more or less),https://www.reddit.com/r/laptops/comments/1pm77n8/are_laptop_prices_the_same_everywhere_in_the/,287a74dbd9b7
Need help with new laptop for business and web browsing.,https://www.reddit.com/r/laptops/comments/1pm6zwd/need_help_with_new_laptop_for_business_and_web/,b2b2b11788f3
Did my laptop charger die on me? Or is it something else? Hie can I replace it if it did?,https://www.reddit.com/r/techsupport/comments/1pm759b/did_my_laptop_charger_die_on_me_or_is_it/,3e69941b4e7f
"Laptop suddenly shut blank when rendering a project, can still be turned on, but now won't charge",https://www.reddit.com/r/techsupport/comments/1pm8ydf/laptop_suddenly_shut_blank_when_rendering_a/,eb4a042fa56b
Looking for a new laptop,https://www.reddit.com/r/SuggestALaptop/comments/1pmadkl/looking_for_a_new_laptop/,8f90973f808e
Best Laptop to buy?,https://www.reddit.com/r/laptops/comments/1pmaw3q/best_laptop_to_buy/,dd01b3efc038
Need a laptop for cyber security university UAE 4000AED,https://www.reddit.com/r/SuggestALaptop/comments/1pmbtap/need_a_laptop_for_cyber_security_university_uae/,034bb092cebf
"Looking for 800 - 1200‚Ç¨ rufurbished gaming laptop, France",https://www.reddit.com/r/SuggestALaptop/comments/1pmbisn/looking_for_800_1200_rufurbished_gaming_laptop/,f0dd935c9f15
Looking for an ECC memory support laptop.,https://www.reddit.com/r/laptops/comments/1pmbs4q/looking_for_an_ecc_memory_support_laptop/,9a33254486aa
How much for sale(USD)?,https://www.reddit.com/r/laptops/comments/1pmbkdx/how_much_for_saleusd/,f9b43d6a7a17
Need a portable. Thin. Maybe small laptop that doesn't crash for 4 yrs,https://www.reddit.com/r/SuggestALaptop/comments/1pmcxkr/need_a_portable_thin_maybe_small_laptop_that/,6205c8aea614
Suggest me a laptop.,https://www.reddit.com/r/laptops/comments/1pmddyp/suggest_me_a_laptop/,338c484f3e3d
Need your input on these laptops ranging P28-39k (Philippine Peso),https://www.reddit.com/r/laptops/comments/1pmd73y/need_your_input_on_these_laptops_ranging_p2839k/,fce438665857
Is this a good deal?,https://www.reddit.com/r/laptops/comments/1pmcwir/is_this_a_good_deal/,8e69fad2dec6
My HP laptop says it needs an Ethernet cable to use my wifi but it has been working fine without it for years.,https://www.reddit.com/r/techsupport/comments/1pmckb3/my_hp_laptop_says_it_needs_an_ethernet_cable_to/,7f4641900ed3
Light laptop with USB-C charging capability,https://www.reddit.com/r/SuggestALaptop/comments/1pmduxc/light_laptop_with_usbc_charging_capability/,5b4fa8dc6579
"[eBay] Cert. Refurbished Acer Predator Helios 18 AI Gaming Laptop: 18.0‚Ä≥ WQXGA (2560√ó1600) Mini-LED 250Hz Display, Intel Core Ultra 9 275HX, NVIDIA GeForce RTX 5080, 32GB DDR5 RAM, 1TB SSD, Now: $2,136.23 After 29% Off #ad",https://www.reddit.com/r/LaptopDeals/comments/1pme482/ebay_cert_refurbished_acer_predator_helios_18_ai/,3f02040baa29
"[Walmart] Walmart+: HP Laptop 15: 15.6"" FHD IPS Touch Display, Ryzen 7 7730U, Intel¬Æ Iris¬Æ Xe Graphics, 16GB RAM, 512GB SSD. Now; $399 After 42% Off",https://www.reddit.com/r/LaptopDeals/comments/1pme1g7/walmart_walmart_hp_laptop_15_156_fhd_ips_touch/,efa7b4ed21a1
"[eBay] Acer Aspire 3 Laptop (Cert. Refurbished): 15.6"" (1920x1080) FHD Multi-Touch, 60Hz, IPS Display, Ryzen 7520U, 16GB RAM, 1TB SSD, Now: $245.33 After 51% Off #ad",https://www.reddit.com/r/LaptopDeals/comments/1pmdxou/ebay_acer_aspire_3_laptop_cert_refurbished_156/,c502bd183462
"[Amazon] Samsung 15.6"" Galaxy Book5 360 Copilot+ PC, AI Business Laptop, Windows 11 Pro, Intel Core Ultra 5 Processor 226V, FHD AMOLED Touchscreen, 16GB RAM, 512GB SSD, 2025 Model, NP754QHA-KA1US, Gray. Now: $949.99 After 14% Off",https://www.reddit.com/r/LaptopDeals/comments/1pmdx39/amazon_samsung_156_galaxy_book5_360_copilot_pc_ai/,3ca497b8a303
Laptop for occasional use,https://www.reddit.com/r/laptops/comments/1pme3f3/laptop_for_occasional_use/,b955c38f884f
How do i clean this notebook ideally?,https://www.reddit.com/r/laptops/comments/1pmdgfl/how_do_i_clean_this_notebook_ideally/,7528e9e1a4f9
Samsung book 4 or Lenovo IdeaPad 1,https://www.reddit.com/r/laptops/comments/1pme7b8/samsung_book_4_or_lenovo_ideapad_1/,dc22b2c8bec8
Want a laptop for computer engineering,https://www.reddit.com/r/laptops/comments/1pmetza/want_a_laptop_for_computer_engineering/,c74bc0f29568
"Remote Sensing PhD student looking for best value (Preferably a ThinkPad?) for Coding, data processing and some ArcGiS",https://www.reddit.com/r/SuggestALaptop/comments/1pmggp0/remote_sensing_phd_student_looking_for_best_value/,ec4f291494dd
Hoping to buy a laptop in India,https://www.reddit.com/r/SuggestALaptop/comments/1pmfjmj/hoping_to_buy_a_laptop_in_india/,84223b684c36
"selecting a laptop, from a distance",https://www.reddit.com/r/SuggestALaptop/comments/1pmhca2/selecting_a_laptop_from_a_distance/,788f92fa644d
I need a laptop,https://www.reddit.com/r/laptops/comments/1pmhmfj/i_need_a_laptop/,672833fc2e4f
Laptop for uni,https://www.reddit.com/r/laptops/comments/1pmhdbc/laptop_for_uni/,31742df028c9
Laptop Buying Suggestion,https://www.reddit.com/r/laptops/comments/1pmj0yl/laptop_buying_suggestion/,e1a555769eaa
helpppp need laptop recommendations,https://www.reddit.com/r/laptops/comments/1pmijhw/helpppp_need_laptop_recommendations/,466099017928
Student/Work Laptop,https://www.reddit.com/r/SuggestALaptop/comments/1pml83z/studentwork_laptop/,af549c62cbf4
Looking for a new laptop,https://www.reddit.com/r/SuggestALaptop/comments/1pmkv7x/looking_for_a_new_laptop/,1617ea8d4038
Cheap gaming laptop,https://www.reddit.com/r/SuggestALaptop/comments/1pmk0e3/cheap_gaming_laptop/,06b3f6eda45d
suggest a refubrish/post-lease laptop with win10 for my grandpa,https://www.reddit.com/r/SuggestALaptop/comments/1pmjxjz/suggest_a_refubrishpostlease_laptop_with_win10/,a232882f308e
Looking for a engineering university laptop,https://www.reddit.com/r/SuggestALaptop/comments/1pmjdsw/looking_for_a_engineering_university_laptop/,122ea6eda37e
Laptop Buying Suggestion (Under 1l) - India,https://www.reddit.com/r/SuggestALaptop/comments/1pmjc5l/laptop_buying_suggestion_under_1l_india/,0eb706c4bd8e
I need a laptop,https://www.reddit.com/r/SuggestALaptop/comments/1pmif1t/i_need_a_laptop/,293bda98034e
laptop that can run 24/7,https://www.reddit.com/r/SuggestALaptop/comments/1pm6o41/laptop_that_can_run_247/,73b6b874b5d8
"(ebay, refurbished) 2020 Apple M1 MacBook Air 13.3"" 8GB/128GB SSD - (Gray/Skinned) - for $299 after 67% off #ad",https://www.reddit.com/r/LaptopDeals/comments/1pmjpde/ebay_refurbished_2020_apple_m1_macbook_air_133/,d0d1bd4307fd
"[eBay] Acer Swift X 14 Laptop (Cert. Refurbished): 14.5"" 2.8K 120Hz OLED Display, Intel Ultra 7 155H, RTX 4070, 32GB RAM, 1TB SSD. Now: $993.59 After 42% Off + 2-year warranty serviced by Allstate. #ad",https://www.reddit.com/r/LaptopDeals/comments/1pmfgt4/ebay_acer_swift_x_14_laptop_cert_refurbished_145/,5bcb2ffd458c
"What are you studying in 2026, and what laptop are you using right now?",https://www.reddit.com/r/laptops/comments/1pmkqvh/what_are_you_studying_in_2026_and_what_laptop_are/,06b5391109a3
MacBook of 5 years just broke,https://www.reddit.com/r/laptops/comments/1pmki5w/macbook_of_5_years_just_broke/,e29a9dbaf303
"First time builder, budget of 5,000 USD, any tips and advice appreciated",https://www.reddit.com/r/buildapcforme/comments/1pmk9ca/first_time_builder_budget_of_5000_usd_any_tips/,c592a86b3062
Help finding a laptop. 1000 USD United States,https://www.reddit.com/r/SuggestALaptop/comments/1pmmg4q/help_finding_a_laptop_1000_usd_united_states/,2ec0f341dfc1
Need help choosing a laptop,https://www.reddit.com/r/laptops/comments/1pmlxe4/need_help_choosing_a_laptop/,c84c4d78a088
"laptop under 700‚Ç¨, Italy",https://www.reddit.com/r/SuggestALaptop/comments/1pmn7og/laptop_under_700_italy/,6e575a3a6b1c
Planning to buy a gaming laptop on limited budget.,https://www.reddit.com/r/laptops/comments/1pmn5je/planning_to_buy_a_gaming_laptop_on_limited_budget/,c8291b3036b7
New PC Budget around 1500$,https://www.reddit.com/r/buildapcforme/comments/1pmmluh/new_pc_budget_around_1500/,04d8e0042a2e
"New PC with budget of $1,300",https://www.reddit.com/r/buildapcforme/comments/1pmnx4x/new_pc_with_budget_of_1300/,ef885da62c48
First PC $1000 CAD budget parts advice appreciated,https://www.reddit.com/r/buildapcforme/comments/1pmnvlw/first_pc_1000_cad_budget_parts_advice_appreciated/,79601a37c806
"Buying a new laptop, which one is better?",https://www.reddit.com/r/laptops/comments/1pmnr4y/buying_a_new_laptop_which_one_is_better/,b917ecac74b8
Canada ~$1000,https://www.reddit.com/r/SuggestALaptop/comments/1pmqomo/canada_1000/,fc614d485f93
switching from macOS to windows ‚Äî need laptop recommendation (engineering student) (US),https://www.reddit.com/r/SuggestALaptop/comments/1pmptvf/switching_from_macos_to_windows_need_laptop/,a821eea92660
"[eBay] HP Victus Gaming Laptop: 15.6"" 144Hz FHD Display, AMD Ryzen 7 7445HS, NVIDIA GeForce RTX 4050, 16GB RAM, 512GB SSD. Now: $649.99 After 28% Off #ad",https://www.reddit.com/r/LaptopDeals/comments/1pmqs7w/ebay_hp_victus_gaming_laptop_156_144hz_fhd/,c8ecfd602a04
"[eBay] ASUS ROG Zephyrus G14 Gaming Laptop: 14"" OLED (2880 x 1800) 3K 120Hz Display, AMD Ryzen 9 270, NVIDIA GeForce RTX 5060, 16GB RAM, 1TB SSD. Now: $1,299.99 After $500 Off #ad",https://www.reddit.com/r/LaptopDeals/comments/1pmqrub/ebay_asus_rog_zephyrus_g14_gaming_laptop_14_oled/,b3fc11638c5f
Looking for a engineering university laptop,https://www.reddit.com/r/laptops/comments/1pmqau9/looking_for_a_engineering_university_laptop/,c45e215f70c8
"laptop cant connect to wifi, and when it can it's really bad",https://www.reddit.com/r/techsupport/comments/1pmqjsa/laptop_cant_connect_to_wifi_and_when_it_can_its/,7ae549861a3b
Laptop for 16yr old daughter,https://www.reddit.com/r/SuggestALaptop/comments/1pmrms7/laptop_for_16yr_old_daughter/,142396eb7283
need help buying laptop. mainly for gaming,https://www.reddit.com/r/laptops/comments/1pmroxm/need_help_buying_laptop_mainly_for_gaming/,ac5df678c9e1
Budget Gaming / School Build ~ $1000,https://www.reddit.com/r/buildapcforme/comments/1pmre8z/budget_gaming_school_build_1000/,209cf3523efb
Laptop to replace GalaxyBook 3 360,https://www.reddit.com/r/SuggestALaptop/comments/1pmuhk0/laptop_to_replace_galaxybook_3_360/,260f3f9044b6
Which laptop is better?,https://www.reddit.com/r/laptops/comments/1pmuzot/which_laptop_is_better/,836f61b8ea54
Need help choosing best laptop based on price and specs for simple use case,https://www.reddit.com/r/laptops/comments/1pmutub/need_help_choosing_best_laptop_based_on_price_and/,c386af6eb6f1
Is lenovo yoga 7i worth 999‚Ç¨?,https://www.reddit.com/r/laptops/comments/1pmupw6/is_lenovo_yoga_7i_worth_999/,fcd0282b77c2
PC around 1000-1200$,https://www.reddit.com/r/buildapcforme/comments/1pmtpf5/pc_around_10001200/,e8d4be74da28
"[Walmart] HP OmniBook 5 AI PC Laptop: 16"" (1920 x 1200) 2K Touch Display, Intel Core Ultra 7 255U, Intel Graphics, 16GB RAM, 1TB SSD, Glacier Silver, Now: $599 After $380.99 Off",https://www.reddit.com/r/LaptopDeals/comments/1pmwdax/walmart_hp_omnibook_5_ai_pc_laptop_16_1920_x_1200/,4aa5acd274f8
"[Walmart] Lenovo Legion Pro 7i Gaming Laptop (2025): 16"" (2560 x 1600) 240Hz OLED Display, Intel Core Ultra 9 275HX, NVIDIA RTX 5090, 32GB DDR5 RAM, 1TB SSD, Now: $2,899.99 After $999.01 Off",https://www.reddit.com/r/LaptopDeals/comments/1pmwbrt/walmart_lenovo_legion_pro_7i_gaming_laptop_2025/,c3878a3a616c
"[eBay] Cert. Refurbished Acer Predator Helios Neo 14 Gaming Laptop: 14.5"" QHD+ IPS 120Hz Display, Intel Ultra 7 155H, RTX 4070, 16GB RAM, 1TB SSD, Now: $791.19 After 53% Off #ad",https://www.reddit.com/r/LaptopDeals/comments/1pmw8u9/ebay_cert_refurbished_acer_predator_helios_neo_14/,7bd03e2eb917
New MacBook from Amazon accidentally caused cosmetic damage,https://www.reddit.com/r/laptops/comments/1pmwpha/new_macbook_from_amazon_accidentally_caused/,b6f7f6428a22
Hey people need help choosing a laptop,https://www.reddit.com/r/laptops/comments/1pmwvy3/hey_people_need_help_choosing_a_laptop/,22136338b852
Buying a laptop,https://www.reddit.com/r/SuggestALaptop/comments/1pmykkz/buying_a_laptop/,97ffcfeacb20
Laptop crackling/ticking,https://www.reddit.com/r/laptops/comments/1pmz3r7/laptop_cracklingticking/,24a6564663d0
Need help selecting a laptop,https://www.reddit.com/r/laptops/comments/1pmydij/need_help_selecting_a_laptop/,f6e05be4b625
Laptop crackling/ticking,https://www.reddit.com/r/techsupport/comments/1pmytqd/laptop_cracklingticking/,29f87d3ede94
Looking to buy a laptop,https://www.reddit.com/r/SuggestALaptop/comments/1pn0u55/looking_to_buy_a_laptop/,1bb3aa029255
Looking for a Laptop,https://www.reddit.com/r/SuggestALaptop/comments/1pn213t/looking_for_a_laptop/,1706718abbeb
moto stylus 5g 2024 restore data,https://www.reddit.com/r/techsupport/comments/1pn2dh1/moto_stylus_5g_2024_restore_data/,2acfb98fd4f3
"[eBay] Lenovo Legion Pro 5 Gaming Laptop: 16"" (2560 x 1600) 2.5K 165Hz OLED 500nits Display, Ryzen 7 8745HX, RTX 5060, 32GB DDR5 RAM, 1TB SSD. Now: $1,234.99 After 26% Off #ad",https://www.reddit.com/r/LaptopDeals/comments/1pn33sc/ebay_lenovo_legion_pro_5_gaming_laptop_16_2560_x/,ab4a77a674f1
"[Amazon] Dell 15 Laptop DC15250 Laptop: 15.6"" FHD (1920x1080) 120Hz Display, Intel Core i5-1334U Processor, Intel UHD Graphics, 16GB RAM, 512GB SSD, Windows 11 Home, Onsite Service - Platinum Silver. Now: $539 After 10% Off",https://www.reddit.com/r/LaptopDeals/comments/1pn3ale/amazon_dell_15_laptop_dc15250_laptop_156_fhd/,edbd3330f52d
"[Amazon] Acer Swift Go 14 Laptop | 14"" WUXGA (1920 x 1200) Touch Display | Unlock AI Experiences | AMD Ryzen 7 8845HS Processor | AMD Radeon 780M Graphics | 16GB RAM | 1TB SSD | Now: $489.99 After $210 Off when you 'clip' the coupon on product page.[Regional/MidAtlantic]",https://www.reddit.com/r/LaptopDeals/comments/1pn39nd/amazon_acer_swift_go_14_laptop_14_wuxga_1920_x/,b669bbaa9c8e
"[eBay] Cert. Refurbished Acer Predator Helios Neo 14 Gaming Laptop: 14.5"" QHD+ IPS 120Hz Display, Intel Ultra 7 155H, RTX 4070, 16GB RAM, 1TB SSD, Now: $764.43 After 55% Off #ad",https://www.reddit.com/r/LaptopDeals/comments/1pn35l9/ebay_cert_refurbished_acer_predator_helios_neo_14/,6c6c53072bfc
"[eBay] HP OMEN 16"" Gaming Laptop: 16"" (1920 x 1200) FHD+ 2K 144Hz 300nits Display, Intel Core Ultra 7 255H, NVIDIA GeForce RTX 5060, 16GB RAM, 1TB SSD, Now: $974.99 After 34% Off + Free Shipping #ad",https://www.reddit.com/r/LaptopDeals/comments/1pn30wb/ebay_hp_omen_16_gaming_laptop_16_1920_x_1200_fhd/,518052af7bb0
Looking for laptop for coding budget is 50k how is this.,https://www.reddit.com/r/laptops/comments/1pn2my6/looking_for_laptop_for_coding_budget_is_50k_how/,35a69a7ca038
Best bang for buck laptop?,https://www.reddit.com/r/laptops/comments/1pn3izu/best_bang_for_buck_laptop/,c6c8c820cc73
"[Amazon] Samsung 15.6‚Äù Galaxy Book5 360 Copilot AI Laptop PC Computer, FHD AMOLED Touchscreen Display, 16GB RAM / 512GB SSD, Dolby Atmos Quad Speakers, All-Day Battery Life, NP750QHA-KA1US. Now: $899.99 After 33% Off",https://www.reddit.com/r/LaptopDeals/comments/1pn4grh/amazon_samsung_156_galaxy_book5_360_copilot_ai/,265845213fe9
"Need some cheap but extremely good laptops (new, windows) to buy now in Japan",https://www.reddit.com/r/laptops/comments/1pn4l1j/need_some_cheap_but_extremely_good_laptops_new/,c572e8a84e0e
I want a laptop for myself.,https://www.reddit.com/r/laptops/comments/1pn49gi/i_want_a_laptop_for_myself/,6c0d38449175
"Looking for laptop, mostly for watching films/netflix. UK ~¬£500",https://www.reddit.com/r/SuggestALaptop/comments/1pn6ckk/looking_for_laptop_mostly_for_watching/,73faa196f242
Where do you find cheap Macbooks in Europe ?,https://www.reddit.com/r/laptops/comments/1pn6e76/where_do_you_find_cheap_macbooks_in_europe/,6ecebb75096d
Laptop recommendation for college,https://www.reddit.com/r/laptops/comments/1pn56vq/laptop_recommendation_for_college/,b1c233ed7eae
"[UK] Up to ¬£1000 - looking for new or refurbished 15"" laptop - suggestions?",https://www.reddit.com/r/laptops/comments/1pn39vs/uk_up_to_1000_looking_for_new_or_refurbished_15/,3f7fbf14dc64
"cracked screen, and a copper component is visible from the inside, is it still safe to use?",https://www.reddit.com/r/techsupport/comments/1pn653l/cracked_screen_and_a_copper_component_is_visible/,7632e8f17b58
Looking for a budget 2 in 1 laptop / tablet,https://www.reddit.com/r/SuggestALaptop/comments/1pn7twd/looking_for_a_budget_2_in_1_laptop_tablet/,9958582b9f2c
Need help choosing laptop for college/some gaming,https://www.reddit.com/r/laptops/comments/1pn8ta7/need_help_choosing_laptop_for_collegesome_gaming/,3dcbf1b02907
need help finding laptop,https://www.reddit.com/r/laptops/comments/1pn85ir/need_help_finding_laptop/,1df55f97810b
Laptop for music production/video editing (Budget limit: ~‚Ç¨700),https://www.reddit.com/r/laptops/comments/1pn79un/laptop_for_music_productionvideo_editing_budget/,40eb7bb6b36a
"Seeking ""budget"" laptop with touchscreen and numeric keypad",https://www.reddit.com/r/SuggestALaptop/comments/1pn9aqi/seeking_budget_laptop_with_touchscreen_and/,a369919faad8
"[eBay} Acer Swift Go Laptop (Cert. Refurbished): 14"" (1920 x 1200) 60Hz, 300-nits, 100% sRGB, IPS Display, Intel Ultra 7 155H, 16GB RAM, 1TB SSD. Now: $303.99 After 62% Off + eCoupon at checkout: ""HOLIDAYRUSH"" #ad",https://www.reddit.com/r/LaptopDeals/comments/1pn977h/ebay_acer_swift_go_laptop_cert_refurbished_14/,59e3a50e9865
"[eBay] Acer Swift Go 16 Laptop (Cert. Refurbished): 16"" (1920 x 1200) Touch Display, Intel Ultra 185H, Intel Arc Integrated Graphics, 32GB RAM, 1TB SSD, Now: $415.99 After 48% Off #ad",https://www.reddit.com/r/LaptopDeals/comments/1pn921f/ebay_acer_swift_go_16_laptop_cert_refurbished_16/,072db3a39d82
"[eBay] Acer Aspire 3 Laptop (Cert. Refurbished): 15.6"" FHD IPS Touch Display, Ryzen 5 7520U, 16GB RAM, 1TB SSD. Now: $196.99 After 60% Off + using eCoupon at checkout: ""HOLIDAYRUSH"" #ad",https://www.reddit.com/r/LaptopDeals/comments/1pn8uma/ebay_acer_aspire_3_laptop_cert_refurbished_156/,6b0e400a6659
Laptop not charging and shutting off,https://www.reddit.com/r/laptops/comments/1pn9vb1/laptop_not_charging_and_shutting_off/,da13e77917fe
Need advice: Acer service delay & laptop replacement issue,https://www.reddit.com/r/laptops/comments/1pn9q78/need_advice_acer_service_delay_laptop_replacement/,bb9519f596f9
Help me figure out if I should buy a laptop!,https://www.reddit.com/r/laptops/comments/1pn90ju/help_me_figure_out_if_i_should_buy_a_laptop/,8f9a911c8b43
Considering getting a new Laptop amid potential future price increases in RAM and storage,https://www.reddit.com/r/SuggestALaptop/comments/1pnapey/considering_getting_a_new_laptop_amid_potential/,6a5c0ab6d05b
HP Laptop Battery Capacity reached 40% of original capacity in just 11 months.,https://www.reddit.com/r/laptops/comments/1pnbyc2/hp_laptop_battery_capacity_reached_40_of_original/,610aeecada0e
Advice on buying laptop (I'm kinda clueless so help me please),https://www.reddit.com/r/laptops/comments/1pnbrzh/advice_on_buying_laptop_im_kinda_clueless_so_help/,94197e564690
Looking for a lightweight laptop with great battery life (~‚Ç¨1000) for academic research & graphic,https://www.reddit.com/r/laptops/comments/1pnbruv/looking_for_a_lightweight_laptop_with_great/,4a040f8d64c9
Laptop recommendations for cybersecurity and computer networking engineering,https://www.reddit.com/r/laptops/comments/1pnbog2/laptop_recommendations_for_cybersecurity_and/,497e28d362fe
Looking for laptop recommendations in the 70-80k rangeüåª,https://www.reddit.com/r/laptops/comments/1pnbm5u/looking_for_laptop_recommendations_in_the_7080k/,4f105dcbbcf5
Need Recommendations for a work laptop,https://www.reddit.com/r/laptops/comments/1pnayc3/need_recommendations_for_a_work_laptop/,d4b61c5dd8f4
Will this charger damage my laptop?,https://www.reddit.com/r/laptops/comments/1pnatzu/will_this_charger_damage_my_laptop/,c494078e1334
Considering getting a new Laptop amid potential future price increases in RAM and storage,https://www.reddit.com/r/laptops/comments/1pnd244/considering_getting_a_new_laptop_amid_potential/,2a7d06d74144
Finding a small laptop/tablet for work and school,https://www.reddit.com/r/laptops/comments/1pncp29/finding_a_small_laptoptablet_for_work_and_school/,200ff3823fc6
My budget is around 1700,https://www.reddit.com/r/buildapcforme/comments/1pncaj6/my_budget_is_around_1700/,00d6e2faf331
Laptop deal,https://www.reddit.com/r/SuggestALaptop/comments/1pnezmp/laptop_deal/,ddc029edd289
Surface Laptop/MacBook Quality laptop? Windows,https://www.reddit.com/r/SuggestALaptop/comments/1pnencc/surface_laptopmacbook_quality_laptop_windows/,cb01f366393e
Need help with laptop suggestion! Please and thank you,https://www.reddit.com/r/SuggestALaptop/comments/1pnfg16/need_help_with_laptop_suggestion_please_and_thank/,f739f72084db
Battery upgrade for HP laptop,https://www.reddit.com/r/laptops/comments/1pngg5d/battery_upgrade_for_hp_laptop/,b6c68b375faf
Lenovo v14 g4 new vs thinkpad T14 refurbished,https://www.reddit.com/r/laptops/comments/1pnfljh/lenovo_v14_g4_new_vs_thinkpad_t14_refurbished/,bdbe53023626
First time Laptop Buying,https://www.reddit.com/r/laptops/comments/1pnfk3g/first_time_laptop_buying/,f3810858adc1
Lenovo Laptop crashing,https://www.reddit.com/r/techsupport/comments/1pngfqx/lenovo_laptop_crashing/,6927a7c0e8dc
Choice between two laptops,https://www.reddit.com/r/SuggestALaptop/comments/1pnhsky/choice_between_two_laptops/,4be9fb77cf39
Best laptops/computer to purchase??,https://www.reddit.com/r/laptops/comments/1pnjh5z/best_laptopscomputer_to_purchase/,1918051f10e6
Let me know if you have spare or unused laptop,https://www.reddit.com/r/laptops/comments/1pnje9e/let_me_know_if_you_have_spare_or_unused_laptop/,06ab7a8742d8
Could someone help me find a decent refurbished laptop on Ebay? ($200 - $350),https://www.reddit.com/r/SuggestALaptop/comments/1pnku30/could_someone_help_me_find_a_decent_refurbished/,83bba6b9c583
Choosing between two laptops (and other suggestions),https://www.reddit.com/r/SuggestALaptop/comments/1pnk4do/choosing_between_two_laptops_and_other_suggestions/,97ae45bf94fe
Please suggest a good laptop under 55k INR,https://www.reddit.com/r/laptops/comments/1pnkv7w/please_suggest_a_good_laptop_under_55k_inr/,d848177d06fb
Looking for a laptop max 3k AED,https://www.reddit.com/r/laptops/comments/1pnkc35/looking_for_a_laptop_max_3k_aed/,86e719b7ec2a
spilled water on my laptop,https://www.reddit.com/r/techsupport/comments/1pnkqc4/spilled_water_on_my_laptop/,b8e6ea8491d6
Laptop dies after logging in,https://www.reddit.com/r/laptops/comments/1pnm4ph/laptop_dies_after_logging_in/,0a159bf4f9d8
Best laptop for electrical engineering,https://www.reddit.com/r/laptops/comments/1pnldvp/best_laptop_for_electrical_engineering/,789f4d450765
"need to find the right laptop for my girlfriend, for her birthday coming up!!",https://www.reddit.com/r/SuggestALaptop/comments/1pnmobb/need_to_find_the_right_laptop_for_my_girlfriend/,9cc958237240
Is this laptop safe?,https://www.reddit.com/r/laptops/comments/1pnn8gn/is_this_laptop_safe/,75fee0389b68
Laptop recommendation Australia $2.4k ish (check notes),https://www.reddit.com/r/laptops/comments/1pnpxq9/laptop_recommendation_australia_24k_ish_check/,327f2523ee14
Laptop suddenly dead,https://www.reddit.com/r/laptops/comments/1pnpd1n/laptop_suddenly_dead/,56e52eba516d
"ASUS Vivobook S 15 OLED, good deal?",https://www.reddit.com/r/laptops/comments/1pnohug/asus_vivobook_s_15_oled_good_deal/,e67fc57aec6b
"How much would you pay for a perfect condition second-hand Lenovo - Yoga 7i 2-in-1 16"" 2K Touchscreen Laptop?",https://www.reddit.com/r/laptops/comments/1pno9su/how_much_would_you_pay_for_a_perfect_condition/,5a0424c73b8a
Looking for a New Laptop?,https://www.reddit.com/r/laptops/comments/1pnnvkz/looking_for_a_new_laptop/,e46b599d3e84
Can someone suggest a good gaming laptop for gaming and school on Amazon. Budget is 700ish,https://www.reddit.com/r/laptops/comments/1pnra7h/can_someone_suggest_a_good_gaming_laptop_for/,809515b6dcd8
Setting up routers for abroad work,https://www.reddit.com/r/techsupport/comments/1pnr3nc/setting_up_routers_for_abroad_work/,18c0f5c852f7
